vecationDays,salaryPM,benefits_package,pId
20.5,3010.00,Benefitspackage6,6
21.0,3020.00,Benefitspackage9,9
21.5,3030.00,Benefitspackage12,12
22.0,3040.00,Benefitspackage15,15
20.0,3050.00,Benefitspackage18,18
20.5,3060.00,Benefitspackage21,21
21.0,3070.00,Benefitspackage24,24
21.5,3080.00,Benefitspackage27,27
22.0,3090.00,Benefitspackage30,30
20.0,3100.00,Benefitspackage33,33
20.5,3110.00,Benefitspackage36,36
21.0,3120.00,Benefitspackage39,39
21.5,3130.00,Benefitspackage42,42
22.0,3140.00,Benefitspackage45,45
20.0,3150.00,Benefitspackage48,48
20.5,3160.00,Benefitspackage51,51
21.0,3170.00,Benefitspackage54,54
21.5,3180.00,Benefitspackage57,57
22.0,3190.00,Benefitspackage60,60
20.0,3200.00,Benefitspackage63,63
20.5,3210.00,Benefitspackage66,66
21.0,3220.00,Benefitspackage69,69
21.5,3230.00,Benefitspackage72,72
22.0,3240.00,Benefitspackage75,75
20.0,3250.00,Benefitspackage78,78
20.5,3260.00,Benefitspackage81,81
21.0,3270.00,Benefitspackage84,84
21.5,3280.00,Benefitspackage87,87
22.0,3290.00,Benefitspackage90,90
20.0,3300.00,Benefitspackage93,93
20.5,3310.00,Benefitspackage96,96
21.0,3320.00,Benefitspackage99,99
21.5,3330.00,Benefitspackage102,102
22.0,3340.00,Benefitspackage105,105
20.0,3350.00,Benefitspackage108,108
20.5,3360.00,Benefitspackage111,111
21.0,3370.00,Benefitspackage114,114
21.5,3380.00,Benefitspackage117,117
22.0,3390.00,Benefitspackage120,120
20.0,3400.00,Benefitspackage123,123
20.5,3410.00,Benefitspackage126,126
21.0,3420.00,Benefitspackage129,129
21.5,3430.00,Benefitspackage132,132
22.0,3440.00,Benefitspackage135,135
20.0,3450.00,Benefitspackage138,138
20.5,3460.00,Benefitspackage141,141
21.0,3470.00,Benefitspackage144,144
21.5,3480.00,Benefitspackage147,147
22.0,3490.00,Benefitspackage150,150
20.0,3500.00,Benefitspackage153,153
20.5,3510.00,Benefitspackage156,156
21.0,3520.00,Benefitspackage159,159
21.5,3530.00,Benefitspackage162,162
22.0,3540.00,Benefitspackage165,165
20.0,3550.00,Benefitspackage168,168
20.5,3560.00,Benefitspackage171,171
21.0,3570.00,Benefitspackage174,174
21.5,3580.00,Benefitspackage177,177
22.0,3590.00,Benefitspackage180,180
20.0,3600.00,Benefitspackage183,183
20.5,3610.00,Benefitspackage186,186
21.0,3620.00,Benefitspackage189,189
21.5,3630.00,Benefitspackage192,192
22.0,3640.00,Benefitspackage195,195
20.0,3650.00,Benefitspackage198,198
20.5,3660.00,Benefitspackage201,201
21.0,3670.00,Benefitspackage204,204
21.5,3680.00,Benefitspackage207,207
22.0,3690.00,Benefitspackage210,210
20.0,3700.00,Benefitspackage213,213
20.5,3710.00,Benefitspackage216,216
21.0,3720.00,Benefitspackage219,219
21.5,3730.00,Benefitspackage222,222
22.0,3740.00,Benefitspackage225,225
20.0,3750.00,Benefitspackage228,228
20.5,3760.00,Benefitspackage231,231
21.0,3770.00,Benefitspackage234,234
21.5,3780.00,Benefitspackage237,237
22.0,3790.00,Benefitspackage240,240
20.0,3800.00,Benefitspackage243,243
20.5,3810.00,Benefitspackage246,246
21.0,3820.00,Benefitspackage249,249
21.5,3830.00,Benefitspackage252,252
22.0,3840.00,Benefitspackage255,255
20.0,3850.00,Benefitspackage258,258
20.5,3860.00,Benefitspackage261,261
21.0,3870.00,Benefitspackage264,264
21.5,3880.00,Benefitspackage267,267
22.0,3890.00,Benefitspackage270,270
20.0,3900.00,Benefitspackage273,273
20.5,3910.00,Benefitspackage276,276
21.0,3920.00,Benefitspackage279,279
21.5,3930.00,Benefitspackage282,282
22.0,3940.00,Benefitspackage285,285
20.0,3950.00,Benefitspackage288,288
20.5,3960.00,Benefitspackage291,291
21.0,3970.00,Benefitspackage294,294
21.5,3980.00,Benefitspackage297,297
22.0,3990.00,Benefitspackage300,300
20.0,4000.00,Benefitspackage303,303
20.5,4010.00,Benefitspackage306,306
21.0,4020.00,Benefitspackage309,309
21.5,4030.00,Benefitspackage312,312
22.0,4040.00,Benefitspackage315,315
20.0,4050.00,Benefitspackage318,318
20.5,4060.00,Benefitspackage321,321
21.0,4070.00,Benefitspackage324,324
21.5,4080.00,Benefitspackage327,327
22.0,4090.00,Benefitspackage330,330
20.0,4100.00,Benefitspackage333,333
20.5,4110.00,Benefitspackage336,336
21.0,4120.00,Benefitspackage339,339
21.5,4130.00,Benefitspackage342,342
22.0,4140.00,Benefitspackage345,345
20.0,4150.00,Benefitspackage348,348
20.5,4160.00,Benefitspackage351,351
21.0,4170.00,Benefitspackage354,354
21.5,4180.00,Benefitspackage357,357
22.0,4190.00,Benefitspackage360,360
20.0,4200.00,Benefitspackage363,363
20.5,4210.00,Benefitspackage366,366
21.0,4220.00,Benefitspackage369,369
21.5,4230.00,Benefitspackage372,372
22.0,4240.00,Benefitspackage375,375
20.0,4250.00,Benefitspackage378,378
20.5,4260.00,Benefitspackage381,381
21.0,4270.00,Benefitspackage384,384
21.5,4280.00,Benefitspackage387,387
22.0,4290.00,Benefitspackage390,390
20.0,4300.00,Benefitspackage393,393
20.5,4310.00,Benefitspackage396,396
21.0,4320.00,Benefitspackage399,399
21.5,4330.00,Benefitspackage402,402
22.0,4340.00,Benefitspackage405,405
20.0,4350.00,Benefitspackage408,408
20.5,4360.00,Benefitspackage411,411
21.0,4370.00,Benefitspackage414,414
21.5,4380.00,Benefitspackage417,417
22.0,4390.00,Benefitspackage420,420
20.0,4400.00,Benefitspackage423,423
20.5,4410.00,Benefitspackage426,426
21.0,4420.00,Benefitspackage429,429
21.5,4430.00,Benefitspackage432,432
22.0,4440.00,Benefitspackage435,435
20.0,4450.00,Benefitspackage438,438
20.5,4460.00,Benefitspackage441,441
21.0,4470.00,Benefitspackage444,444
21.5,4480.00,Benefitspackage447,447
22.0,4490.00,Benefitspackage450,450
20.0,4500.00,Benefitspackage453,453
20.5,4510.00,Benefitspackage456,456
21.0,4520.00,Benefitspackage459,459
21.5,4530.00,Benefitspackage462,462
22.0,4540.00,Benefitspackage465,465
20.0,4550.00,Benefitspackage468,468
20.5,4560.00,Benefitspackage471,471
21.0,4570.00,Benefitspackage474,474
21.5,4580.00,Benefitspackage477,477
22.0,4590.00,Benefitspackage480,480
20.0,4600.00,Benefitspackage483,483
20.5,4610.00,Benefitspackage486,486
21.0,4620.00,Benefitspackage489,489
21.5,4630.00,Benefitspackage492,492
22.0,4640.00,Benefitspackage495,495
20.0,4650.00,Benefitspackage498,498
20.5,4660.00,Benefitspackage501,501
21.0,4670.00,Benefitspackage504,504
21.5,4680.00,Benefitspackage507,507
22.0,4690.00,Benefitspackage510,510
20.0,4700.00,Benefitspackage513,513
20.5,4710.00,Benefitspackage516,516
21.0,4720.00,Benefitspackage519,519
21.5,4730.00,Benefitspackage522,522
22.0,4740.00,Benefitspackage525,525
20.0,4750.00,Benefitspackage528,528
20.5,4760.00,Benefitspackage531,531
21.0,4770.00,Benefitspackage534,534
21.5,4780.00,Benefitspackage537,537
22.0,4790.00,Benefitspackage540,540
20.0,4800.00,Benefitspackage543,543
20.5,4810.00,Benefitspackage546,546
21.0,4820.00,Benefitspackage549,549
21.5,4830.00,Benefitspackage552,552
22.0,4840.00,Benefitspackage555,555
20.0,4850.00,Benefitspackage558,558
20.5,4860.00,Benefitspackage561,561
21.0,4870.00,Benefitspackage564,564
21.5,4880.00,Benefitspackage567,567
22.0,4890.00,Benefitspackage570,570
20.0,4900.00,Benefitspackage573,573
20.5,4910.00,Benefitspackage576,576
21.0,4920.00,Benefitspackage579,579
21.5,4930.00,Benefitspackage582,582
22.0,4940.00,Benefitspackage585,585
20.0,4950.00,Benefitspackage588,588
20.5,4960.00,Benefitspackage591,591
21.0,4970.00,Benefitspackage594,594
21.5,4980.00,Benefitspackage597,597
22.0,4990.00,Benefitspackage600,600
20.0,5000.00,Benefitspackage603,603
20.5,5010.00,Benefitspackage606,606
21.0,5020.00,Benefitspackage609,609
21.5,5030.00,Benefitspackage612,612
22.0,5040.00,Benefitspackage615,615
20.0,5050.00,Benefitspackage618,618
20.5,5060.00,Benefitspackage621,621
21.0,5070.00,Benefitspackage624,624
21.5,5080.00,Benefitspackage627,627
22.0,5090.00,Benefitspackage630,630
20.0,5100.00,Benefitspackage633,633
20.5,5110.00,Benefitspackage636,636
21.0,5120.00,Benefitspackage639,639
21.5,5130.00,Benefitspackage642,642
22.0,5140.00,Benefitspackage645,645
20.0,5150.00,Benefitspackage648,648
20.5,5160.00,Benefitspackage651,651
21.0,5170.00,Benefitspackage654,654
21.5,5180.00,Benefitspackage657,657
22.0,5190.00,Benefitspackage660,660
20.0,5200.00,Benefitspackage663,663
20.5,5210.00,Benefitspackage666,666
21.0,5220.00,Benefitspackage669,669
21.5,5230.00,Benefitspackage672,672
22.0,5240.00,Benefitspackage675,675
20.0,5250.00,Benefitspackage678,678
20.5,5260.00,Benefitspackage681,681
21.0,5270.00,Benefitspackage684,684
21.5,5280.00,Benefitspackage687,687
22.0,5290.00,Benefitspackage690,690
20.0,5300.00,Benefitspackage693,693
20.5,5310.00,Benefitspackage696,696
21.0,5320.00,Benefitspackage699,699
21.5,5330.00,Benefitspackage702,702
22.0,5340.00,Benefitspackage705,705
20.0,5350.00,Benefitspackage708,708
20.5,5360.00,Benefitspackage711,711
21.0,5370.00,Benefitspackage714,714
21.5,5380.00,Benefitspackage717,717
22.0,5390.00,Benefitspackage720,720
20.0,5400.00,Benefitspackage723,723
20.5,5410.00,Benefitspackage726,726
21.0,5420.00,Benefitspackage729,729
21.5,5430.00,Benefitspackage732,732
22.0,5440.00,Benefitspackage735,735
20.0,5450.00,Benefitspackage738,738
20.5,5460.00,Benefitspackage741,741
21.0,5470.00,Benefitspackage744,744
21.5,5480.00,Benefitspackage747,747
22.0,5490.00,Benefitspackage750,750
20.0,5500.00,Benefitspackage753,753
20.5,5510.00,Benefitspackage756,756
21.0,5520.00,Benefitspackage759,759
21.5,5530.00,Benefitspackage762,762
22.0,5540.00,Benefitspackage765,765
20.0,5550.00,Benefitspackage768,768
20.5,5560.00,Benefitspackage771,771
21.0,5570.00,Benefitspackage774,774
21.5,5580.00,Benefitspackage777,777
22.0,5590.00,Benefitspackage780,780
20.0,5600.00,Benefitspackage783,783
20.5,5610.00,Benefitspackage786,786
21.0,5620.00,Benefitspackage789,789
21.5,5630.00,Benefitspackage792,792
22.0,5640.00,Benefitspackage795,795
20.0,5650.00,Benefitspackage798,798
20.5,5660.00,Benefitspackage801,801
21.0,5670.00,Benefitspackage804,804
21.5,5680.00,Benefitspackage807,807
22.0,5690.00,Benefitspackage810,810
20.0,5700.00,Benefitspackage813,813
20.5,5710.00,Benefitspackage816,816
21.0,5720.00,Benefitspackage819,819
21.5,5730.00,Benefitspackage822,822
22.0,5740.00,Benefitspackage825,825
20.0,5750.00,Benefitspackage828,828
20.5,5760.00,Benefitspackage831,831
21.0,5770.00,Benefitspackage834,834
21.5,5780.00,Benefitspackage837,837
22.0,5790.00,Benefitspackage840,840
20.0,5800.00,Benefitspackage843,843
20.5,5810.00,Benefitspackage846,846
21.0,5820.00,Benefitspackage849,849
21.5,5830.00,Benefitspackage852,852
22.0,5840.00,Benefitspackage855,855
20.0,5850.00,Benefitspackage858,858
20.5,5860.00,Benefitspackage861,861
21.0,5870.00,Benefitspackage864,864
21.5,5880.00,Benefitspackage867,867
22.0,5890.00,Benefitspackage870,870
20.0,5900.00,Benefitspackage873,873
20.5,5910.00,Benefitspackage876,876
21.0,5920.00,Benefitspackage879,879
21.5,5930.00,Benefitspackage882,882
22.0,5940.00,Benefitspackage885,885
20.0,5950.00,Benefitspackage888,888
20.5,5960.00,Benefitspackage891,891
21.0,5970.00,Benefitspackage894,894
21.5,5980.00,Benefitspackage897,897
22.0,5990.00,Benefitspackage900,900
20.0,6000.00,Benefitspackage903,903
20.5,6010.00,Benefitspackage906,906
21.0,6020.00,Benefitspackage909,909
21.5,6030.00,Benefitspackage912,912
22.0,6040.00,Benefitspackage915,915
20.0,6050.00,Benefitspackage918,918
20.5,6060.00,Benefitspackage921,921
21.0,6070.00,Benefitspackage924,924
21.5,6080.00,Benefitspackage927,927
22.0,6090.00,Benefitspackage930,930
20.0,6100.00,Benefitspackage933,933
20.5,6110.00,Benefitspackage936,936
21.0,6120.00,Benefitspackage939,939
21.5,6130.00,Benefitspackage942,942
22.0,6140.00,Benefitspackage945,945
20.0,6150.00,Benefitspackage948,948
20.5,6160.00,Benefitspackage951,951
21.0,6170.00,Benefitspackage954,954
21.5,6180.00,Benefitspackage957,957
22.0,6190.00,Benefitspackage960,960
20.0,6200.00,Benefitspackage963,963
20.5,6210.00,Benefitspackage966,966
21.0,6220.00,Benefitspackage969,969
21.5,6230.00,Benefitspackage972,972
22.0,6240.00,Benefitspackage975,975
20.0,6250.00,Benefitspackage978,978
20.5,6260.00,Benefitspackage981,981
21.0,6270.00,Benefitspackage984,984
21.5,6280.00,Benefitspackage987,987
22.0,6290.00,Benefitspackage990,990
20.0,6300.00,Benefitspackage993,993
20.5,6310.00,Benefitspackage996,996
21.0,6320.00,Benefitspackage999,999
21.5,6330.00,Benefitspackage1002,1002
22.0,6340.00,Benefitspackage1005,1005
20.0,6350.00,Benefitspackage1008,1008
20.5,6360.00,Benefitspackage1011,1011
21.0,6370.00,Benefitspackage1014,1014
21.5,6380.00,Benefitspackage1017,1017
22.0,6390.00,Benefitspackage1020,1020
20.0,6400.00,Benefitspackage1023,1023
20.5,6410.00,Benefitspackage1026,1026
21.0,6420.00,Benefitspackage1029,1029
21.5,6430.00,Benefitspackage1032,1032
22.0,6440.00,Benefitspackage1035,1035
20.0,6450.00,Benefitspackage1038,1038
20.5,6460.00,Benefitspackage1041,1041
21.0,6470.00,Benefitspackage1044,1044
21.5,6480.00,Benefitspackage1047,1047
22.0,6490.00,Benefitspackage1050,1050
20.0,6500.00,Benefitspackage1053,1053
20.5,6510.00,Benefitspackage1056,1056
21.0,6520.00,Benefitspackage1059,1059
21.5,6530.00,Benefitspackage1062,1062
22.0,6540.00,Benefitspackage1065,1065
20.0,6550.00,Benefitspackage1068,1068
20.5,6560.00,Benefitspackage1071,1071
21.0,6570.00,Benefitspackage1074,1074
21.5,6580.00,Benefitspackage1077,1077
22.0,6590.00,Benefitspackage1080,1080
20.0,6600.00,Benefitspackage1083,1083
20.5,6610.00,Benefitspackage1086,1086
21.0,6620.00,Benefitspackage1089,1089
21.5,6630.00,Benefitspackage1092,1092
22.0,6640.00,Benefitspackage1095,1095
20.0,6650.00,Benefitspackage1098,1098
20.5,6660.00,Benefitspackage1101,1101
21.0,6670.00,Benefitspackage1104,1104
21.5,6680.00,Benefitspackage1107,1107
22.0,6690.00,Benefitspackage1110,1110
20.0,6700.00,Benefitspackage1113,1113
20.5,6710.00,Benefitspackage1116,1116
21.0,6720.00,Benefitspackage1119,1119
21.5,6730.00,Benefitspackage1122,1122
22.0,6740.00,Benefitspackage1125,1125
20.0,6750.00,Benefitspackage1128,1128
20.5,6760.00,Benefitspackage1131,1131
21.0,6770.00,Benefitspackage1134,1134
21.5,6780.00,Benefitspackage1137,1137
22.0,6790.00,Benefitspackage1140,1140
20.0,6800.00,Benefitspackage1143,1143
20.5,6810.00,Benefitspackage1146,1146
21.0,6820.00,Benefitspackage1149,1149
21.5,6830.00,Benefitspackage1152,1152
22.0,6840.00,Benefitspackage1155,1155
20.0,6850.00,Benefitspackage1158,1158
20.5,6860.00,Benefitspackage1161,1161
21.0,6870.00,Benefitspackage1164,1164
21.5,6880.00,Benefitspackage1167,1167
22.0,6890.00,Benefitspackage1170,1170
20.0,6900.00,Benefitspackage1173,1173
20.5,6910.00,Benefitspackage1176,1176
21.0,6920.00,Benefitspackage1179,1179
21.5,6930.00,Benefitspackage1182,1182
22.0,6940.00,Benefitspackage1185,1185
20.0,6950.00,Benefitspackage1188,1188
20.5,6960.00,Benefitspackage1191,1191
21.0,6970.00,Benefitspackage1194,1194
21.5,6980.00,Benefitspackage1197,1197
22.0,6990.00,Benefitspackage1200,1200
20.0,7000.00,Benefitspackage1203,1203
