Manager,Contract details for worker 1,2011-02-02,3
Clerk,Contract details for worker 2,2012-03-03,6
Technician,Contract details for worker 3,2013-04-04,9
Analyst,Contract details for worker 4,2014-05-05,12
Engineer,Contract details for worker 5,2015-06-06,15
Manager,Contract details for worker 6,2016-07-07,18
Clerk,Contract details for worker 7,2017-08-08,21
Technician,Contract details for worker 8,2018-09-09,24
Analyst,Contract details for worker 9,2019-10-10,27
Engineer,Contract details for worker 10,2020-11-11,30
Manager,Contract details for worker 11,2010-12-12,33
Clerk,Contract details for worker 12,2011-01-13,36
Technician,Contract details for worker 13,2012-02-14,39
Analyst,Contract details for worker 14,2013-03-15,42
Engineer,Contract details for worker 15,2014-04-16,45
Manager,Contract details for worker 16,2015-05-17,48
Clerk,Contract details for worker 17,2016-06-18,51
Technician,Contract details for worker 18,2017-07-19,54
Analyst,Contract details for worker 19,2018-08-20,57
Engineer,Contract details for worker 20,2019-09-21,60
Manager,Contract details for worker 21,2020-10-22,63
Clerk,Contract details for worker 22,2010-11-23,66
Technician,Contract details for worker 23,2011-12-24,69
Analyst,Contract details for worker 24,2012-01-25,72
Engineer,Contract details for worker 25,2013-02-26,75
Manager,Contract details for worker 26,2014-03-27,78
Clerk,Contract details for worker 27,2015-04-28,81
Technician,Contract details for worker 28,2016-05-01,84
Analyst,Contract details for worker 29,2017-06-02,87
Engineer,Contract details for worker 30,2018-07-03,90
Manager,Contract details for worker 31,2019-08-04,93
Clerk,Contract details for worker 32,2020-09-05,96
Technician,Contract details for worker 33,2010-10-06,99
Analyst,Contract details for worker 34,2011-11-07,102
Engineer,Contract details for worker 35,2012-12-08,105
Manager,Contract details for worker 36,2013-01-09,108
Clerk,Contract details for worker 37,2014-02-10,111
Technician,Contract details for worker 38,2015-03-11,114
Analyst,Contract details for worker 39,2016-04-12,117
Engineer,Contract details for worker 40,2017-05-13,120
Manager,Contract details for worker 41,2018-06-14,123
Clerk,Contract details for worker 42,2019-07-15,126
Technician,Contract details for worker 43,2020-08-16,129
Analyst,Contract details for worker 44,2010-09-17,132
Engineer,Contract details for worker 45,2011-10-18,135
Manager,Contract details for worker 46,2012-11-19,138
Clerk,Contract details for worker 47,2013-12-20,141
Technician,Contract details for worker 48,2014-01-21,144
Analyst,Contract details for worker 49,2015-02-22,147
Engineer,Contract details for worker 50,2016-03-23,150
Manager,Contract details for worker 51,2017-04-24,153
Clerk,Contract details for worker 52,2018-05-25,156
Technician,Contract details for worker 53,2019-06-26,159
Analyst,Contract details for worker 54,2020-07-27,162
Engineer,Contract details for worker 55,2010-08-28,165
Manager,Contract details for worker 56,2011-09-01,168
Clerk,Contract details for worker 57,2012-10-02,171
Technician,Contract details for worker 58,2013-11-03,174
Analyst,Contract details for worker 59,2014-12-04,177
Engineer,Contract details for worker 60,2015-01-05,180
Manager,Contract details for worker 61,2016-02-06,183
Clerk,Contract details for worker 62,2017-03-07,186
Technician,Contract details for worker 63,2018-04-08,189
Analyst,Contract details for worker 64,2019-05-09,192
Engineer,Contract details for worker 65,2020-06-10,195
Manager,Contract details for worker 66,2010-07-11,198
Clerk,Contract details for worker 67,2011-08-12,201
Technician,Contract details for worker 68,2012-09-13,204
Analyst,Contract details for worker 69,2013-10-14,207
Engineer,Contract details for worker 70,2014-11-15,210
Manager,Contract details for worker 71,2015-12-16,213
Clerk,Contract details for worker 72,2016-01-17,216
Technician,Contract details for worker 73,2017-02-18,219
Analyst,Contract details for worker 74,2018-03-19,222
Engineer,Contract details for worker 75,2019-04-20,225
Manager,Contract details for worker 76,2020-05-21,228
Clerk,Contract details for worker 77,2010-06-22,231
Technician,Contract details for worker 78,2011-07-23,234
Analyst,Contract details for worker 79,2012-08-24,237
Engineer,Contract details for worker 80,2013-09-25,240
Manager,Contract details for worker 81,2014-10-26,243
Clerk,Contract details for worker 82,2015-11-27,246
Technician,Contract details for worker 83,2016-12-28,249
Analyst,Contract details for worker 84,2017-01-01,252
Engineer,Contract details for worker 85,2018-02-02,255
Manager,Contract details for worker 86,2019-03-03,258
Clerk,Contract details for worker 87,2020-04-04,261
Technician,Contract details for worker 88,2010-05-05,264
Analyst,Contract details for worker 89,2011-06-06,267
Engineer,Contract details for worker 90,2012-07-07,270
Manager,Contract details for worker 91,2013-08-08,273
Clerk,Contract details for worker 92,2014-09-09,276
Technician,Contract details for worker 93,2015-10-10,279
Analyst,Contract details for worker 94,2016-11-11,282
Engineer,Contract details for worker 95,2017-12-12,285
Manager,Contract details for worker 96,2018-01-13,288
Clerk,Contract details for worker 97,2019-02-14,291
Technician,Contract details for worker 98,2020-03-15,294
Analyst,Contract details for worker 99,2010-04-16,297
Engineer,Contract details for worker 100,2011-05-17,300
Manager,Contract details for worker 101,2012-06-18,303
Clerk,Contract details for worker 102,2013-07-19,306
Technician,Contract details for worker 103,2014-08-20,309
Analyst,Contract details for worker 104,2015-09-21,312
Engineer,Contract details for worker 105,2016-10-22,315
Manager,Contract details for worker 106,2017-11-23,318
Clerk,Contract details for worker 107,2018-12-24,321
Technician,Contract details for worker 108,2019-01-25,324
Analyst,Contract details for worker 109,2020-02-26,327
Engineer,Contract details for worker 110,2010-03-27,330
Manager,Contract details for worker 111,2011-04-28,333
Clerk,Contract details for worker 112,2012-05-01,336
Technician,Contract details for worker 113,2013-06-02,339
Analyst,Contract details for worker 114,2014-07-03,342
Engineer,Contract details for worker 115,2015-08-04,345
Manager,Contract details for worker 116,2016-09-05,348
Clerk,Contract details for worker 117,2017-10-06,351
Technician,Contract details for worker 118,2018-11-07,354
Analyst,Contract details for worker 119,2019-12-08,357
Engineer,Contract details for worker 120,2020-01-09,360
Manager,Contract details for worker 121,2010-02-10,363
Clerk,Contract details for worker 122,2011-03-11,366
Technician,Contract details for worker 123,2012-04-12,369
Analyst,Contract details for worker 124,2013-05-13,372
Engineer,Contract details for worker 125,2014-06-14,375
Manager,Contract details for worker 126,2015-07-15,378
Clerk,Contract details for worker 127,2016-08-16,381
Technician,Contract details for worker 128,2017-09-17,384
Analyst,Contract details for worker 129,2018-10-18,387
Engineer,Contract details for worker 130,2019-11-19,390
Manager,Contract details for worker 131,2020-12-20,393
Clerk,Contract details for worker 132,2010-01-21,396
Technician,Contract details for worker 133,2011-02-22,399
Analyst,Contract details for worker 134,2012-03-23,402
Engineer,Contract details for worker 135,2013-04-24,405
Manager,Contract details for worker 136,2014-05-25,408
Clerk,Contract details for worker 137,2015-06-26,411
Technician,Contract details for worker 138,2016-07-27,414
Analyst,Contract details for worker 139,2017-08-28,417
Engineer,Contract details for worker 140,2018-09-01,420
Manager,Contract details for worker 141,2019-10-02,423
Clerk,Contract details for worker 142,2020-11-03,426
Technician,Contract details for worker 143,2010-12-04,429
Analyst,Contract details for worker 144,2011-01-05,432
Engineer,Contract details for worker 145,2012-02-06,435
Manager,Contract details for worker 146,2013-03-07,438
Clerk,Contract details for worker 147,2014-04-08,441
Technician,Contract details for worker 148,2015-05-09,444
Analyst,Contract details for worker 149,2016-06-10,447
Engineer,Contract details for worker 150,2017-07-11,450
Manager,Contract details for worker 151,2018-08-12,453
Clerk,Contract details for worker 152,2019-09-13,456
Technician,Contract details for worker 153,2020-10-14,459
Analyst,Contract details for worker 154,2010-11-15,462
Engineer,Contract details for worker 155,2011-12-16,465
Manager,Contract details for worker 156,2012-01-17,468
Clerk,Contract details for worker 157,2013-02-18,471
Technician,Contract details for worker 158,2014-03-19,474
Analyst,Contract details for worker 159,2015-04-20,477
Engineer,Contract details for worker 160,2016-05-21,480
Manager,Contract details for worker 161,2017-06-22,483
Clerk,Contract details for worker 162,2018-07-23,486
Technician,Contract details for worker 163,2019-08-24,489
Analyst,Contract details for worker 164,2020-09-25,492
Engineer,Contract details for worker 165,2010-10-26,495
Manager,Contract details for worker 166,2011-11-27,498
Clerk,Contract details for worker 167,2012-12-28,501
Technician,Contract details for worker 168,2013-01-01,504
Analyst,Contract details for worker 169,2014-02-02,507
Engineer,Contract details for worker 170,2015-03-03,510
Manager,Contract details for worker 171,2016-04-04,513
Clerk,Contract details for worker 172,2017-05-05,516
Technician,Contract details for worker 173,2018-06-06,519
Analyst,Contract details for worker 174,2019-07-07,522
Engineer,Contract details for worker 175,2020-08-08,525
Manager,Contract details for worker 176,2010-09-09,528
Clerk,Contract details for worker 177,2011-10-10,531
Technician,Contract details for worker 178,2012-11-11,534
Analyst,Contract details for worker 179,2013-12-12,537
Engineer,Contract details for worker 180,2014-01-13,540
Manager,Contract details for worker 181,2015-02-14,543
Clerk,Contract details for worker 182,2016-03-15,546
Technician,Contract details for worker 183,2017-04-16,549
Analyst,Contract details for worker 184,2018-05-17,552
Engineer,Contract details for worker 185,2019-06-18,555
Manager,Contract details for worker 186,2020-07-19,558
Clerk,Contract details for worker 187,2010-08-20,561
Technician,Contract details for worker 188,2011-09-21,564
Analyst,Contract details for worker 189,2012-10-22,567
Engineer,Contract details for worker 190,2013-11-23,570
Manager,Contract details for worker 191,2014-12-24,573
Clerk,Contract details for worker 192,2015-01-25,576
Technician,Contract details for worker 193,2016-02-26,579
Analyst,Contract details for worker 194,2017-03-27,582
Engineer,Contract details for worker 195,2018-04-28,585
Manager,Contract details for worker 196,2019-05-01,588
Clerk,Contract details for worker 197,2020-06-02,591
Technician,Contract details for worker 198,2010-07-03,594
Analyst,Contract details for worker 199,2011-08-04,597
Engineer,Contract details for worker 200,2012-09-05,600
Manager,Contract details for worker 201,2013-10-06,603
Clerk,Contract details for worker 202,2014-11-07,606
Technician,Contract details for worker 203,2015-12-08,609
Analyst,Contract details for worker 204,2016-01-09,612
Engineer,Contract details for worker 205,2017-02-10,615
Manager,Contract details for worker 206,2018-03-11,618
Clerk,Contract details for worker 207,2019-04-12,621
Technician,Contract details for worker 208,2020-05-13,624
Analyst,Contract details for worker 209,2010-06-14,627
Engineer,Contract details for worker 210,2011-07-15,630
Manager,Contract details for worker 211,2012-08-16,633
Clerk,Contract details for worker 212,2013-09-17,636
Technician,Contract details for worker 213,2014-10-18,639
Analyst,Contract details for worker 214,2015-11-19,642
Engineer,Contract details for worker 215,2016-12-20,645
Manager,Contract details for worker 216,2017-01-21,648
Clerk,Contract details for worker 217,2018-02-22,651
Technician,Contract details for worker 218,2019-03-23,654
Analyst,Contract details for worker 219,2020-04-24,657
Engineer,Contract details for worker 220,2010-05-25,660
Manager,Contract details for worker 221,2011-06-26,663
Clerk,Contract details for worker 222,2012-07-27,666
Technician,Contract details for worker 223,2013-08-28,669
Analyst,Contract details for worker 224,2014-09-01,672
Engineer,Contract details for worker 225,2015-10-02,675
Manager,Contract details for worker 226,2016-11-03,678
Clerk,Contract details for worker 227,2017-12-04,681
Technician,Contract details for worker 228,2018-01-05,684
Analyst,Contract details for worker 229,2019-02-06,687
Engineer,Contract details for worker 230,2020-03-07,690
Manager,Contract details for worker 231,2010-04-08,693
Clerk,Contract details for worker 232,2011-05-09,696
Technician,Contract details for worker 233,2012-06-10,699
Analyst,Contract details for worker 234,2013-07-11,702
Engineer,Contract details for worker 235,2014-08-12,705
Manager,Contract details for worker 236,2015-09-13,708
Clerk,Contract details for worker 237,2016-10-14,711
Technician,Contract details for worker 238,2017-11-15,714
Analyst,Contract details for worker 239,2018-12-16,717
Engineer,Contract details for worker 240,2019-01-17,720
Manager,Contract details for worker 241,2020-02-18,723
Clerk,Contract details for worker 242,2010-03-19,726
Technician,Contract details for worker 243,2011-04-20,729
Analyst,Contract details for worker 244,2012-05-21,732
Engineer,Contract details for worker 245,2013-06-22,735
Manager,Contract details for worker 246,2014-07-23,738
Clerk,Contract details for worker 247,2015-08-24,741
Technician,Contract details for worker 248,2016-09-25,744
Analyst,Contract details for worker 249,2017-10-26,747
Engineer,Contract details for worker 250,2018-11-27,750
Manager,Contract details for worker 251,2019-12-28,753
Clerk,Contract details for worker 252,2020-01-01,756
Technician,Contract details for worker 253,2010-02-02,759
Analyst,Contract details for worker 254,2011-03-03,762
Engineer,Contract details for worker 255,2012-04-04,765
Manager,Contract details for worker 256,2013-05-05,768
Clerk,Contract details for worker 257,2014-06-06,771
Technician,Contract details for worker 258,2015-07-07,774
Analyst,Contract details for worker 259,2016-08-08,777
Engineer,Contract details for worker 260,2017-09-09,780
Manager,Contract details for worker 261,2018-10-10,783
Clerk,Contract details for worker 262,2019-11-11,786
Technician,Contract details for worker 263,2020-12-12,789
Analyst,Contract details for worker 264,2010-01-13,792
Engineer,Contract details for worker 265,2011-02-14,795
Manager,Contract details for worker 266,2012-03-15,798
Clerk,Contract details for worker 267,2013-04-16,801
Technician,Contract details for worker 268,2014-05-17,804
Analyst,Contract details for worker 269,2015-06-18,807
Engineer,Contract details for worker 270,2016-07-19,810
Manager,Contract details for worker 271,2017-08-20,813
Clerk,Contract details for worker 272,2018-09-21,816
Technician,Contract details for worker 273,2019-10-22,819
Analyst,Contract details for worker 274,2020-11-23,822
Engineer,Contract details for worker 275,2010-12-24,825
Manager,Contract details for worker 276,2011-01-25,828
Clerk,Contract details for worker 277,2012-02-26,831
Technician,Contract details for worker 278,2013-03-27,834
Analyst,Contract details for worker 279,2014-04-28,837
Engineer,Contract details for worker 280,2015-05-01,840
Manager,Contract details for worker 281,2016-06-02,843
Clerk,Contract details for worker 282,2017-07-03,846
Technician,Contract details for worker 283,2018-08-04,849
Analyst,Contract details for worker 284,2019-09-05,852
Engineer,Contract details for worker 285,2020-10-06,855
Manager,Contract details for worker 286,2010-11-07,858
Clerk,Contract details for worker 287,2011-12-08,861
Technician,Contract details for worker 288,2012-01-09,864
Analyst,Contract details for worker 289,2013-02-10,867
Engineer,Contract details for worker 290,2014-03-11,870
Manager,Contract details for worker 291,2015-04-12,873
Clerk,Contract details for worker 292,2016-05-13,876
Technician,Contract details for worker 293,2017-06-14,879
Analyst,Contract details for worker 294,2018-07-15,882
Engineer,Contract details for worker 295,2019-08-16,885
Manager,Contract details for worker 296,2020-09-17,888
Clerk,Contract details for worker 297,2010-10-18,891
Technician,Contract details for worker 298,2011-11-19,894
Analyst,Contract details for worker 299,2012-12-20,897
Engineer,Contract details for worker 300,2013-01-21,900
Manager,Contract details for worker 301,2014-02-22,903
Clerk,Contract details for worker 302,2015-03-23,906
Technician,Contract details for worker 303,2016-04-24,909
Analyst,Contract details for worker 304,2017-05-25,912
Engineer,Contract details for worker 305,2018-06-26,915
Manager,Contract details for worker 306,2019-07-27,918
Clerk,Contract details for worker 307,2020-08-28,921
Technician,Contract details for worker 308,2010-09-01,924
Analyst,Contract details for worker 309,2011-10-02,927
Engineer,Contract details for worker 310,2012-11-03,930
Manager,Contract details for worker 311,2013-12-04,933
Clerk,Contract details for worker 312,2014-01-05,936
Technician,Contract details for worker 313,2015-02-06,939
Analyst,Contract details for worker 314,2016-03-07,942
Engineer,Contract details for worker 315,2017-04-08,945
Manager,Contract details for worker 316,2018-05-09,948
Clerk,Contract details for worker 317,2019-06-10,951
Technician,Contract details for worker 318,2020-07-11,954
Analyst,Contract details for worker 319,2010-08-12,957
Engineer,Contract details for worker 320,2011-09-13,960
Manager,Contract details for worker 321,2012-10-14,963
Clerk,Contract details for worker 322,2013-11-15,966
Technician,Contract details for worker 323,2014-12-16,969
Analyst,Contract details for worker 324,2015-01-17,972
Engineer,Contract details for worker 325,2016-02-18,975
Manager,Contract details for worker 326,2017-03-19,978
Clerk,Contract details for worker 327,2018-04-20,981
Technician,Contract details for worker 328,2019-05-21,984
Analyst,Contract details for worker 329,2020-06-22,987
Engineer,Contract details for worker 330,2010-07-23,990
Manager,Contract details for worker 331,2011-08-24,993
Clerk,Contract details for worker 332,2012-09-25,996
Technician,Contract details for worker 333,2013-10-26,999
Analyst,Contract details for worker 334,2014-11-27,1002
Engineer,Contract details for worker 335,2015-12-28,1005
Manager,Contract details for worker 336,2016-01-01,1008
Clerk,Contract details for worker 337,2017-02-02,1011
Technician,Contract details for worker 338,2018-03-03,1014
Analyst,Contract details for worker 339,2019-04-04,1017
Engineer,Contract details for worker 340,2020-05-05,1020
Manager,Contract details for worker 341,2010-06-06,1023
Clerk,Contract details for worker 342,2011-07-07,1026
Technician,Contract details for worker 343,2012-08-08,1029
Analyst,Contract details for worker 344,2013-09-09,1032
Engineer,Contract details for worker 345,2014-10-10,1035
Manager,Contract details for worker 346,2015-11-11,1038
Clerk,Contract details for worker 347,2016-12-12,1041
Technician,Contract details for worker 348,2017-01-13,1044
Analyst,Contract details for worker 349,2018-02-14,1047
Engineer,Contract details for worker 350,2019-03-15,1050
Manager,Contract details for worker 351,2020-04-16,1053
Clerk,Contract details for worker 352,2010-05-17,1056
Technician,Contract details for worker 353,2011-06-18,1059
Analyst,Contract details for worker 354,2012-07-19,1062
Engineer,Contract details for worker 355,2013-08-20,1065
Manager,Contract details for worker 356,2014-09-21,1068
Clerk,Contract details for worker 357,2015-10-22,1071
Technician,Contract details for worker 358,2016-11-23,1074
Analyst,Contract details for worker 359,2017-12-24,1077
Engineer,Contract details for worker 360,2018-01-25,1080
Manager,Contract details for worker 361,2019-02-26,1083
Clerk,Contract details for worker 362,2020-03-27,1086
Technician,Contract details for worker 363,2010-04-28,1089
Analyst,Contract details for worker 364,2011-05-01,1092
Engineer,Contract details for worker 365,2012-06-02,1095
Manager,Contract details for worker 366,2013-07-03,1098
Clerk,Contract details for worker 367,2014-08-04,1101
Technician,Contract details for worker 368,2015-09-05,1104
Analyst,Contract details for worker 369,2016-10-06,1107
Engineer,Contract details for worker 370,2017-11-07,1110
Manager,Contract details for worker 371,2018-12-08,1113
Clerk,Contract details for worker 372,2019-01-09,1116
Technician,Contract details for worker 373,2020-02-10,1119
Analyst,Contract details for worker 374,2010-03-11,1122
Engineer,Contract details for worker 375,2011-04-12,1125
Manager,Contract details for worker 376,2012-05-13,1128
Clerk,Contract details for worker 377,2013-06-14,1131
Technician,Contract details for worker 378,2014-07-15,1134
Analyst,Contract details for worker 379,2015-08-16,1137
Engineer,Contract details for worker 380,2016-09-17,1140
Manager,Contract details for worker 381,2017-10-18,1143
Clerk,Contract details for worker 382,2018-11-19,1146
Technician,Contract details for worker 383,2019-12-20,1149
Analyst,Contract details for worker 384,2020-01-21,1152
Engineer,Contract details for worker 385,2010-02-22,1155
Manager,Contract details for worker 386,2011-03-23,1158
Clerk,Contract details for worker 387,2012-04-24,1161
Technician,Contract details for worker 388,2013-05-25,1164
Analyst,Contract details for worker 389,2014-06-26,1167
Engineer,Contract details for worker 390,2015-07-27,1170
Manager,Contract details for worker 391,2016-08-28,1173
Clerk,Contract details for worker 392,2017-09-01,1176
Technician,Contract details for worker 393,2018-10-02,1179
Analyst,Contract details for worker 394,2019-11-03,1182
Engineer,Contract details for worker 395,2020-12-04,1185
Manager,Contract details for worker 396,2010-01-05,1188
Clerk,Contract details for worker 397,2011-02-06,1191
Technician,Contract details for worker 398,2012-03-07,1194
Analyst,Contract details for worker 399,2013-04-08,1197
Engineer,Contract details for worker 400,2014-05-09,1200
Manager,Contract details for worker 401,2015-06-10,1203
Clerk,Contract details for worker 402,2016-07-11,1206
Technician,Contract details for worker 403,2017-08-12,1209
Analyst,Contract details for worker 404,2018-09-13,1212
Engineer,Contract details for worker 405,2019-10-14,1215
Manager,Contract details for worker 406,2020-11-15,1218
Clerk,Contract details for worker 407,2010-12-16,1221
Technician,Contract details for worker 408,2011-01-17,1224
Analyst,Contract details for worker 409,2012-02-18,1227
Engineer,Contract details for worker 410,2013-03-19,1230
Manager,Contract details for worker 411,2014-04-20,1233
Clerk,Contract details for worker 412,2015-05-21,1236
Technician,Contract details for worker 413,2016-06-22,1239
Analyst,Contract details for worker 414,2017-07-23,1242
Engineer,Contract details for worker 415,2018-08-24,1245
Manager,Contract details for worker 416,2019-09-25,1248
Clerk,Contract details for worker 417,2020-10-26,1251
Technician,Contract details for worker 418,2010-11-27,1254
Analyst,Contract details for worker 419,2011-12-28,1257
Engineer,Contract details for worker 420,2012-01-01,1260
Manager,Contract details for worker 421,2013-02-02,1263
Clerk,Contract details for worker 422,2014-03-03,1266
Technician,Contract details for worker 423,2015-04-04,1269
Analyst,Contract details for worker 424,2016-05-05,1272
Engineer,Contract details for worker 425,2017-06-06,1275
Manager,Contract details for worker 426,2018-07-07,1278
Clerk,Contract details for worker 427,2019-08-08,1281
Technician,Contract details for worker 428,2020-09-09,1284
Analyst,Contract details for worker 429,2010-10-10,1287
Engineer,Contract details for worker 430,2011-11-11,1290
Manager,Contract details for worker 431,2012-12-12,1293
Clerk,Contract details for worker 432,2013-01-13,1296
Technician,Contract details for worker 433,2014-02-14,1299
Analyst,Contract details for worker 434,2015-03-15,1302
Engineer,Contract details for worker 435,2016-04-16,1305
Manager,Contract details for worker 436,2017-05-17,1308
Clerk,Contract details for worker 437,2018-06-18,1311
Technician,Contract details for worker 438,2019-07-19,1314
Analyst,Contract details for worker 439,2020-08-20,1317
Engineer,Contract details for worker 440,2010-09-21,1320
Manager,Contract details for worker 441,2011-10-22,1323
Clerk,Contract details for worker 442,2012-11-23,1326
Technician,Contract details for worker 443,2013-12-24,1329
Analyst,Contract details for worker 444,2014-01-25,1332
Engineer,Contract details for worker 445,2015-02-26,1335
Manager,Contract details for worker 446,2016-03-27,1338
Clerk,Contract details for worker 447,2017-04-28,1341
Technician,Contract details for worker 448,2018-05-01,1344
Analyst,Contract details for worker 449,2019-06-02,1347
Engineer,Contract details for worker 450,2020-07-03,1350
Manager,Contract details for worker 451,2010-08-04,1353
Clerk,Contract details for worker 452,2011-09-05,1356
Technician,Contract details for worker 453,2012-10-06,1359
Analyst,Contract details for worker 454,2013-11-07,1362
Engineer,Contract details for worker 455,2014-12-08,1365
Manager,Contract details for worker 456,2015-01-09,1368
Clerk,Contract details for worker 457,2016-02-10,1371
Technician,Contract details for worker 458,2017-03-11,1374
Analyst,Contract details for worker 459,2018-04-12,1377
Engineer,Contract details for worker 460,2019-05-13,1380
Manager,Contract details for worker 461,2020-06-14,1383
Clerk,Contract details for worker 462,2010-07-15,1386
Technician,Contract details for worker 463,2011-08-16,1389
Analyst,Contract details for worker 464,2012-09-17,1392
Engineer,Contract details for worker 465,2013-10-18,1395
Manager,Contract details for worker 466,2014-11-19,1398
Clerk,Contract details for worker 467,2015-12-20,1401
Technician,Contract details for worker 468,2016-01-21,1404
Analyst,Contract details for worker 469,2017-02-22,1407
Engineer,Contract details for worker 470,2018-03-23,1410
Manager,Contract details for worker 471,2019-04-24,1413
Clerk,Contract details for worker 472,2020-05-25,1416
Technician,Contract details for worker 473,2010-06-26,1419
Analyst,Contract details for worker 474,2011-07-27,1422
Engineer,Contract details for worker 475,2012-08-28,1425
Manager,Contract details for worker 476,2013-09-01,1428
Clerk,Contract details for worker 477,2014-10-02,1431
Technician,Contract details for worker 478,2015-11-03,1434
Analyst,Contract details for worker 479,2016-12-04,1437
Engineer,Contract details for worker 480,2017-01-05,1440
Manager,Contract details for worker 481,2018-02-06,1443
Clerk,Contract details for worker 482,2019-03-07,1446
Technician,Contract details for worker 483,2020-04-08,1449
Analyst,Contract details for worker 484,2010-05-09,1452
Engineer,Contract details for worker 485,2011-06-10,1455
Manager,Contract details for worker 486,2012-07-11,1458
Clerk,Contract details for worker 487,2013-08-12,1461
Technician,Contract details for worker 488,2014-09-13,1464
Analyst,Contract details for worker 489,2015-10-14,1467
Engineer,Contract details for worker 490,2016-11-15,1470
Manager,Contract details for worker 491,2017-12-16,1473
Clerk,Contract details for worker 492,2018-01-17,1476
Technician,Contract details for worker 493,2019-02-18,1479
Analyst,Contract details for worker 494,2020-03-19,1482
Engineer,Contract details for worker 495,2010-04-20,1485
Manager,Contract details for worker 496,2011-05-21,1488
Clerk,Contract details for worker 497,2012-06-22,1491
Technician,Contract details for worker 498,2013-07-23,1494
Analyst,Contract details for worker 499,2014-08-24,1497
Engineer,Contract details for worker 500,2015-09-25,1500
Manager,Contract details for worker 501,2016-10-26,1503
Clerk,Contract details for worker 502,2017-11-27,1506
Technician,Contract details for worker 503,2018-12-28,1509
Analyst,Contract details for worker 504,2019-01-01,1512
Engineer,Contract details for worker 505,2020-02-02,1515
Manager,Contract details for worker 506,2010-03-03,1518
Clerk,Contract details for worker 507,2011-04-04,1521
Technician,Contract details for worker 508,2012-05-05,1524
Analyst,Contract details for worker 509,2013-06-06,1527
Engineer,Contract details for worker 510,2014-07-07,1530
Manager,Contract details for worker 511,2015-08-08,1533
Clerk,Contract details for worker 512,2016-09-09,1536
Technician,Contract details for worker 513,2017-10-10,1539
Analyst,Contract details for worker 514,2018-11-11,1542
Engineer,Contract details for worker 515,2019-12-12,1545
Manager,Contract details for worker 516,2020-01-13,1548
Clerk,Contract details for worker 517,2010-02-14,1551
Technician,Contract details for worker 518,2011-03-15,1554
Analyst,Contract details for worker 519,2012-04-16,1557
Engineer,Contract details for worker 520,2013-05-17,1560
Manager,Contract details for worker 521,2014-06-18,1563
Clerk,Contract details for worker 522,2015-07-19,1566
Technician,Contract details for worker 523,2016-08-20,1569
Analyst,Contract details for worker 524,2017-09-21,1572
Engineer,Contract details for worker 525,2018-10-22,1575
Manager,Contract details for worker 526,2019-11-23,1578
Clerk,Contract details for worker 527,2020-12-24,1581
Technician,Contract details for worker 528,2010-01-25,1584
Analyst,Contract details for worker 529,2011-02-26,1587
Engineer,Contract details for worker 530,2012-03-27,1590
Manager,Contract details for worker 531,2013-04-28,1593
Clerk,Contract details for worker 532,2014-05-01,1596
Technician,Contract details for worker 533,2015-06-02,1599
Analyst,Contract details for worker 534,2016-07-03,1602
Engineer,Contract details for worker 535,2017-08-04,1605
Manager,Contract details for worker 536,2018-09-05,1608
Clerk,Contract details for worker 537,2019-10-06,1611
Technician,Contract details for worker 538,2020-11-07,1614
Analyst,Contract details for worker 539,2010-12-08,1617
Engineer,Contract details for worker 540,2011-01-09,1620
Manager,Contract details for worker 541,2012-02-10,1623
Clerk,Contract details for worker 542,2013-03-11,1626
Technician,Contract details for worker 543,2014-04-12,1629
Analyst,Contract details for worker 544,2015-05-13,1632
Engineer,Contract details for worker 545,2016-06-14,1635
Manager,Contract details for worker 546,2017-07-15,1638
Clerk,Contract details for worker 547,2018-08-16,1641
Technician,Contract details for worker 548,2019-09-17,1644
Analyst,Contract details for worker 549,2020-10-18,1647
Engineer,Contract details for worker 550,2010-11-19,1650
Manager,Contract details for worker 551,2011-12-20,1653
Clerk,Contract details for worker 552,2012-01-21,1656
Technician,Contract details for worker 553,2013-02-22,1659
Analyst,Contract details for worker 554,2014-03-23,1662
Engineer,Contract details for worker 555,2015-04-24,1665
Manager,Contract details for worker 556,2016-05-25,1668
Clerk,Contract details for worker 557,2017-06-26,1671
Technician,Contract details for worker 558,2018-07-27,1674
Analyst,Contract details for worker 559,2019-08-28,1677
Engineer,Contract details for worker 560,2020-09-01,1680
Manager,Contract details for worker 561,2010-10-02,1683
Clerk,Contract details for worker 562,2011-11-03,1686
Technician,Contract details for worker 563,2012-12-04,1689
Analyst,Contract details for worker 564,2013-01-05,1692
Engineer,Contract details for worker 565,2014-02-06,1695
Manager,Contract details for worker 566,2015-03-07,1698
Clerk,Contract details for worker 567,2016-04-08,1701
Technician,Contract details for worker 568,2017-05-09,1704
Analyst,Contract details for worker 569,2018-06-10,1707
Engineer,Contract details for worker 570,2019-07-11,1710
Manager,Contract details for worker 571,2020-08-12,1713
Clerk,Contract details for worker 572,2010-09-13,1716
Technician,Contract details for worker 573,2011-10-14,1719
Analyst,Contract details for worker 574,2012-11-15,1722
Engineer,Contract details for worker 575,2013-12-16,1725
Manager,Contract details for worker 576,2014-01-17,1728
Clerk,Contract details for worker 577,2015-02-18,1731
Technician,Contract details for worker 578,2016-03-19,1734
Analyst,Contract details for worker 579,2017-04-20,1737
Engineer,Contract details for worker 580,2018-05-21,1740
Manager,Contract details for worker 581,2019-06-22,1743
Clerk,Contract details for worker 582,2020-07-23,1746
Technician,Contract details for worker 583,2010-08-24,1749
Analyst,Contract details for worker 584,2011-09-25,1752
Engineer,Contract details for worker 585,2012-10-26,1755
Manager,Contract details for worker 586,2013-11-27,1758
Clerk,Contract details for worker 587,2014-12-28,1761
Technician,Contract details for worker 588,2015-01-01,1764
Analyst,Contract details for worker 589,2016-02-02,1767
Engineer,Contract details for worker 590,2017-03-03,1770
Manager,Contract details for worker 591,2018-04-04,1773
Clerk,Contract details for worker 592,2019-05-05,1776
Technician,Contract details for worker 593,2020-06-06,1779
Analyst,Contract details for worker 594,2010-07-07,1782
Engineer,Contract details for worker 595,2011-08-08,1785
Manager,Contract details for worker 596,2012-09-09,1788
Clerk,Contract details for worker 597,2013-10-10,1791
Technician,Contract details for worker 598,2014-11-11,1794
Analyst,Contract details for worker 599,2015-12-12,1797
Engineer,Contract details for worker 600,2016-01-13,1800
Manager,Contract details for worker 601,2017-02-14,1803
Clerk,Contract details for worker 602,2018-03-15,1806
Technician,Contract details for worker 603,2019-04-16,1809
Analyst,Contract details for worker 604,2020-05-17,1812
Engineer,Contract details for worker 605,2010-06-18,1815
Manager,Contract details for worker 606,2011-07-19,1818
Clerk,Contract details for worker 607,2012-08-20,1821
Technician,Contract details for worker 608,2013-09-21,1824
Analyst,Contract details for worker 609,2014-10-22,1827
Engineer,Contract details for worker 610,2015-11-23,1830
Manager,Contract details for worker 611,2016-12-24,1833
Clerk,Contract details for worker 612,2017-01-25,1836
Technician,Contract details for worker 613,2018-02-26,1839
Analyst,Contract details for worker 614,2019-03-27,1842
Engineer,Contract details for worker 615,2020-04-28,1845
Manager,Contract details for worker 616,2010-05-01,1848
Clerk,Contract details for worker 617,2011-06-02,1851
Technician,Contract details for worker 618,2012-07-03,1854
Analyst,Contract details for worker 619,2013-08-04,1857
Engineer,Contract details for worker 620,2014-09-05,1860
Manager,Contract details for worker 621,2015-10-06,1863
Clerk,Contract details for worker 622,2016-11-07,1866
Technician,Contract details for worker 623,2017-12-08,1869
Analyst,Contract details for worker 624,2018-01-09,1872
Engineer,Contract details for worker 625,2019-02-10,1875
Manager,Contract details for worker 626,2020-03-11,1878
Clerk,Contract details for worker 627,2010-04-12,1881
Technician,Contract details for worker 628,2011-05-13,1884
Analyst,Contract details for worker 629,2012-06-14,1887
Engineer,Contract details for worker 630,2013-07-15,1890
Manager,Contract details for worker 631,2014-08-16,1893
Clerk,Contract details for worker 632,2015-09-17,1896
Technician,Contract details for worker 633,2016-10-18,1899
Analyst,Contract details for worker 634,2017-11-19,1902
Engineer,Contract details for worker 635,2018-12-20,1905
Manager,Contract details for worker 636,2019-01-21,1908
Clerk,Contract details for worker 637,2020-02-22,1911
Technician,Contract details for worker 638,2010-03-23,1914
Analyst,Contract details for worker 639,2011-04-24,1917
Engineer,Contract details for worker 640,2012-05-25,1920
Manager,Contract details for worker 641,2013-06-26,1923
Clerk,Contract details for worker 642,2014-07-27,1926
Technician,Contract details for worker 643,2015-08-28,1929
Analyst,Contract details for worker 644,2016-09-01,1932
Engineer,Contract details for worker 645,2017-10-02,1935
Manager,Contract details for worker 646,2018-11-03,1938
Clerk,Contract details for worker 647,2019-12-04,1941
Technician,Contract details for worker 648,2020-01-05,1944
Analyst,Contract details for worker 649,2010-02-06,1947
Engineer,Contract details for worker 650,2011-03-07,1950
Manager,Contract details for worker 651,2012-04-08,1953
Clerk,Contract details for worker 652,2013-05-09,1956
Technician,Contract details for worker 653,2014-06-10,1959
Analyst,Contract details for worker 654,2015-07-11,1962
Engineer,Contract details for worker 655,2016-08-12,1965
Manager,Contract details for worker 656,2017-09-13,1968
Clerk,Contract details for worker 657,2018-10-14,1971
Technician,Contract details for worker 658,2019-11-15,1974
Analyst,Contract details for worker 659,2020-12-16,1977
Engineer,Contract details for worker 660,2010-01-17,1980
Manager,Contract details for worker 661,2011-02-18,1983
Clerk,Contract details for worker 662,2012-03-19,1986
Technician,Contract details for worker 663,2013-04-20,1989
Analyst,Contract details for worker 664,2014-05-21,1992
Engineer,Contract details for worker 665,2015-06-22,1995
Manager,Contract details for worker 666,2016-07-23,1998
Clerk,Contract details for worker 667,2017-08-24,2001
Technician,Contract details for worker 668,2018-09-25,2004
Analyst,Contract details for worker 669,2019-10-26,2007
Engineer,Contract details for worker 670,2020-11-27,2010
Manager,Contract details for worker 671,2010-12-28,2013
Clerk,Contract details for worker 672,2011-01-01,2016
Technician,Contract details for worker 673,2012-02-02,2019
Analyst,Contract details for worker 674,2013-03-03,2022
Engineer,Contract details for worker 675,2014-04-04,2025
Manager,Contract details for worker 676,2015-05-05,2028
Clerk,Contract details for worker 677,2016-06-06,2031
Technician,Contract details for worker 678,2017-07-07,2034
Analyst,Contract details for worker 679,2018-08-08,2037
Engineer,Contract details for worker 680,2019-09-09,2040
Manager,Contract details for worker 681,2020-10-10,2043
Clerk,Contract details for worker 682,2010-11-11,2046
Technician,Contract details for worker 683,2011-12-12,2049
Analyst,Contract details for worker 684,2012-01-13,2052
Engineer,Contract details for worker 685,2013-02-14,2055
Manager,Contract details for worker 686,2014-03-15,2058
Clerk,Contract details for worker 687,2015-04-16,2061
Technician,Contract details for worker 688,2016-05-17,2064
Analyst,Contract details for worker 689,2017-06-18,2067
Engineer,Contract details for worker 690,2018-07-19,2070
Manager,Contract details for worker 691,2019-08-20,2073
Clerk,Contract details for worker 692,2020-09-21,2076
Technician,Contract details for worker 693,2010-10-22,2079
Analyst,Contract details for worker 694,2011-11-23,2082
Engineer,Contract details for worker 695,2012-12-24,2085
Manager,Contract details for worker 696,2013-01-25,2088
Clerk,Contract details for worker 697,2014-02-26,2091
Technician,Contract details for worker 698,2015-03-27,2094
Analyst,Contract details for worker 699,2016-04-28,2097
Engineer,Contract details for worker 700,2017-05-01,2100
Manager,Contract details for worker 701,2018-06-02,2103
Clerk,Contract details for worker 702,2019-07-03,2106
Technician,Contract details for worker 703,2020-08-04,2109
Analyst,Contract details for worker 704,2010-09-05,2112
Engineer,Contract details for worker 705,2011-10-06,2115
Manager,Contract details for worker 706,2012-11-07,2118
Clerk,Contract details for worker 707,2013-12-08,2121
Technician,Contract details for worker 708,2014-01-09,2124
Analyst,Contract details for worker 709,2015-02-10,2127
Engineer,Contract details for worker 710,2016-03-11,2130
Manager,Contract details for worker 711,2017-04-12,2133
Clerk,Contract details for worker 712,2018-05-13,2136
Technician,Contract details for worker 713,2019-06-14,2139
Analyst,Contract details for worker 714,2020-07-15,2142
Engineer,Contract details for worker 715,2010-08-16,2145
Manager,Contract details for worker 716,2011-09-17,2148
Clerk,Contract details for worker 717,2012-10-18,2151
Technician,Contract details for worker 718,2013-11-19,2154
Analyst,Contract details for worker 719,2014-12-20,2157
Engineer,Contract details for worker 720,2015-01-21,2160
Manager,Contract details for worker 721,2016-02-22,2163
Clerk,Contract details for worker 722,2017-03-23,2166
Technician,Contract details for worker 723,2018-04-24,2169
Analyst,Contract details for worker 724,2019-05-25,2172
Engineer,Contract details for worker 725,2020-06-26,2175
Manager,Contract details for worker 726,2010-07-27,2178
Clerk,Contract details for worker 727,2011-08-28,2181
Technician,Contract details for worker 728,2012-09-01,2184
Analyst,Contract details for worker 729,2013-10-02,2187
Engineer,Contract details for worker 730,2014-11-03,2190
Manager,Contract details for worker 731,2015-12-04,2193
Clerk,Contract details for worker 732,2016-01-05,2196
Technician,Contract details for worker 733,2017-02-06,2199
Analyst,Contract details for worker 734,2018-03-07,2202
Engineer,Contract details for worker 735,2019-04-08,2205
Manager,Contract details for worker 736,2020-05-09,2208
Clerk,Contract details for worker 737,2010-06-10,2211
Technician,Contract details for worker 738,2011-07-11,2214
Analyst,Contract details for worker 739,2012-08-12,2217
Engineer,Contract details for worker 740,2013-09-13,2220
Manager,Contract details for worker 741,2014-10-14,2223
Clerk,Contract details for worker 742,2015-11-15,2226
Technician,Contract details for worker 743,2016-12-16,2229
Analyst,Contract details for worker 744,2017-01-17,2232
Engineer,Contract details for worker 745,2018-02-18,2235
Manager,Contract details for worker 746,2019-03-19,2238
Clerk,Contract details for worker 747,2020-04-20,2241
Technician,Contract details for worker 748,2010-05-21,2244
Analyst,Contract details for worker 749,2011-06-22,2247
Engineer,Contract details for worker 750,2012-07-23,2250
Manager,Contract details for worker 751,2013-08-24,2253
Clerk,Contract details for worker 752,2014-09-25,2256
Technician,Contract details for worker 753,2015-10-26,2259
Analyst,Contract details for worker 754,2016-11-27,2262
Engineer,Contract details for worker 755,2017-12-28,2265
Manager,Contract details for worker 756,2018-01-01,2268
Clerk,Contract details for worker 757,2019-02-02,2271
Technician,Contract details for worker 758,2020-03-03,2274
Analyst,Contract details for worker 759,2010-04-04,2277
Engineer,Contract details for worker 760,2011-05-05,2280
Manager,Contract details for worker 761,2012-06-06,2283
Clerk,Contract details for worker 762,2013-07-07,2286
Technician,Contract details for worker 763,2014-08-08,2289
Analyst,Contract details for worker 764,2015-09-09,2292
Engineer,Contract details for worker 765,2016-10-10,2295
Manager,Contract details for worker 766,2017-11-11,2298
Clerk,Contract details for worker 767,2018-12-12,2301
Technician,Contract details for worker 768,2019-01-13,2304
Analyst,Contract details for worker 769,2020-02-14,2307
Engineer,Contract details for worker 770,2010-03-15,2310
Manager,Contract details for worker 771,2011-04-16,2313
Clerk,Contract details for worker 772,2012-05-17,2316
Technician,Contract details for worker 773,2013-06-18,2319
Analyst,Contract details for worker 774,2014-07-19,2322
Engineer,Contract details for worker 775,2015-08-20,2325
Manager,Contract details for worker 776,2016-09-21,2328
Clerk,Contract details for worker 777,2017-10-22,2331
Technician,Contract details for worker 778,2018-11-23,2334
Analyst,Contract details for worker 779,2019-12-24,2337
Engineer,Contract details for worker 780,2020-01-25,2340
Manager,Contract details for worker 781,2010-02-26,2343
Clerk,Contract details for worker 782,2011-03-27,2346
Technician,Contract details for worker 783,2012-04-28,2349
Analyst,Contract details for worker 784,2013-05-01,2352
Engineer,Contract details for worker 785,2014-06-02,2355
Manager,Contract details for worker 786,2015-07-03,2358
Clerk,Contract details for worker 787,2016-08-04,2361
Technician,Contract details for worker 788,2017-09-05,2364
Analyst,Contract details for worker 789,2018-10-06,2367
Engineer,Contract details for worker 790,2019-11-07,2370
Manager,Contract details for worker 791,2020-12-08,2373
Clerk,Contract details for worker 792,2010-01-09,2376
Technician,Contract details for worker 793,2011-02-10,2379
Analyst,Contract details for worker 794,2012-03-11,2382
Engineer,Contract details for worker 795,2013-04-12,2385
Manager,Contract details for worker 796,2014-05-13,2388
Clerk,Contract details for worker 797,2015-06-14,2391
Technician,Contract details for worker 798,2016-07-15,2394
Analyst,Contract details for worker 799,2017-08-16,2397
Engineer,Contract details for worker 800,2018-09-17,2400
