2023-06-01,2023-06-08,c:\contracts\cnt1,101,electrician,2
2023-06-02,2023-06-09,c:\contracts\cnt2,102,plumber,5
2023-06-03,2023-06-10,c:\contracts\cnt3,103,painter,7
2023-06-04,2023-06-11,c:\contracts\cnt4,104,electrician,10
2023-06-05,2023-06-12,c:\contracts\cnt5,105,electrician,12
2023-06-06,2023-06-13,c:\contracts\cnt6,106,painter,15
2023-06-07,2023-06-14,c:\contracts\cnt7,107,supplier,17
2023-06-08,2023-06-15,c:\contracts\cnt8,108,electrician,20
2023-06-09,2023-06-16,c:\contracts\cnt9,109,plumber,22
2023-06-10,2023-06-17,c:\contracts\cnt10,110,supplier,25
2023-06-11,2023-06-18,c:\contracts\cnt11,111,plumber,27
2023-06-12,2023-06-19,c:\contracts\cnt12,112,plumber,30
2023-06-13,2023-06-20,c:\contracts\cnt13,113,handyman,32
2023-06-14,2023-06-21,c:\contracts\cnt14,114,painter,35
2023-06-15,2023-06-22,c:\contracts\cnt15,115,plumber,37
2023-06-16,2023-06-23,c:\contracts\cnt16,116,electrician,40
2023-06-17,2023-06-24,c:\contracts\cnt17,117,plumber,42
2023-06-18,2023-06-25,c:\contracts\cnt18,118,supplier,45
2023-06-19,2023-06-26,c:\contracts\cnt19,119,handyman,47
2023-06-20,2023-06-27,c:\contracts\cnt20,120,electrician,50
2023-06-21,2023-06-28,c:\contracts\cnt21,121,handyman,52
2023-06-22,2023-06-29,c:\contracts\cnt22,122,painter,55
2023-06-23,2023-06-30,c:\contracts\cnt23,123,plumber,57
2023-06-24,2023-07-01,c:\contracts\cnt24,124,plumber,60
2023-06-25,2023-07-02,c:\contracts\cnt25,125,electrician,62
2023-06-26,2023-07-03,c:\contracts\cnt26,126,painter,65
2023-06-27,2023-07-04,c:\contracts\cnt27,127,painter,67
2023-06-28,2023-07-05,c:\contracts\cnt28,128,plumber,70
2023-06-29,2023-07-06,c:\contracts\cnt29,129,painter,72
2023-06-30,2023-07-07,c:\contracts\cnt30,130,supplier,75
2023-07-01,2023-07-08,c:\contracts\cnt31,131,handyman,77
2023-07-02,2023-07-09,c:\contracts\cnt32,132,painter,80
2023-07-03,2023-07-10,c:\contracts\cnt33,133,plumber,82
2023-07-04,2023-07-11,c:\contracts\cnt34,134,electrician,85
2023-07-05,2023-07-12,c:\contracts\cnt35,135,plumber,87
2023-07-06,2023-07-13,c:\contracts\cnt36,136,plumber,90
2023-07-07,2023-07-14,c:\contracts\cnt37,137,painter,92
2023-07-08,2023-07-15,c:\contracts\cnt38,138,electrician,95
2023-07-09,2023-07-16,c:\contracts\cnt39,139,electrician,97
2023-07-10,2023-07-17,c:\contracts\cnt40,140,painter,100
2023-07-11,2023-07-18,c:\contracts\cnt41,141,plumber,102
2023-07-12,2023-07-19,c:\contracts\cnt42,142,plumber,105
2023-07-13,2023-07-20,c:\contracts\cnt43,143,painter,107
2023-07-14,2023-07-21,c:\contracts\cnt44,144,supplier,110
2023-07-15,2023-07-22,c:\contracts\cnt45,145,electrician,112
2023-07-16,2023-07-23,c:\contracts\cnt46,146,supplier,115
2023-07-17,2023-07-24,c:\contracts\cnt47,147,painter,117
2023-07-18,2023-07-25,c:\contracts\cnt48,148,plumber,120
2023-07-19,2023-07-26,c:\contracts\cnt49,149,plumber,122
2023-07-20,2023-07-27,c:\contracts\cnt50,150,supplier,125
2023-07-21,2023-07-28,c:\contracts\cnt51,151,electrician,127
2023-07-22,2023-07-29,c:\contracts\cnt52,152,painter,130
2023-07-23,2023-07-30,c:\contracts\cnt53,153,supplier,132
2023-07-24,2023-07-31,c:\contracts\cnt54,154,supplier,135
2023-07-25,2023-08-01,c:\contracts\cnt55,155,handyman,137
2023-07-26,2023-08-02,c:\contracts\cnt56,156,electrician,140
2023-07-27,2023-08-03,c:\contracts\cnt57,157,electrician,142
2023-07-28,2023-08-04,c:\contracts\cnt58,158,electrician,145
2023-07-29,2023-08-05,c:\contracts\cnt59,159,supplier,147
2023-07-30,2023-08-06,c:\contracts\cnt60,160,plumber,150
2023-07-31,2023-08-07,c:\contracts\cnt61,161,supplier,152
2023-08-01,2023-08-08,c:\contracts\cnt62,162,electrician,155
2023-08-02,2023-08-09,c:\contracts\cnt63,163,plumber,157
2023-08-03,2023-08-10,c:\contracts\cnt64,164,handyman,160
2023-08-04,2023-08-11,c:\contracts\cnt65,165,handyman,162
2023-08-05,2023-08-12,c:\contracts\cnt66,166,plumber,165
2023-08-06,2023-08-13,c:\contracts\cnt67,167,painter,167
2023-08-07,2023-08-14,c:\contracts\cnt68,168,plumber,170
2023-08-08,2023-08-15,c:\contracts\cnt69,169,painter,172
2023-08-09,2023-08-16,c:\contracts\cnt70,170,plumber,175
2023-08-10,2023-08-17,c:\contracts\cnt71,171,painter,177
2023-08-11,2023-08-18,c:\contracts\cnt72,172,handyman,180
2023-08-12,2023-08-19,c:\contracts\cnt73,173,handyman,182
2023-08-13,2023-08-20,c:\contracts\cnt74,174,electrician,185
2023-08-14,2023-08-21,c:\contracts\cnt75,175,electrician,187
2023-08-15,2023-08-22,c:\contracts\cnt76,176,plumber,190
2023-08-16,2023-08-23,c:\contracts\cnt77,177,painter,192
2023-08-17,2023-08-24,c:\contracts\cnt78,178,supplier,195
2023-08-18,2023-08-25,c:\contracts\cnt79,179,supplier,197
2023-08-19,2023-08-26,c:\contracts\cnt80,180,electrician,200
2023-08-20,2023-08-27,c:\contracts\cnt81,181,handyman,202
2023-08-21,2023-08-28,c:\contracts\cnt82,182,plumber,205
2023-08-22,2023-08-29,c:\contracts\cnt83,183,plumber,207
2023-08-23,2023-08-30,c:\contracts\cnt84,184,supplier,210
2023-08-24,2023-08-31,c:\contracts\cnt85,185,supplier,212
2023-08-25,2023-09-01,c:\contracts\cnt86,186,painter,215
2023-08-26,2023-09-02,c:\contracts\cnt87,187,painter,217
2023-08-27,2023-09-03,c:\contracts\cnt88,188,plumber,220
2023-08-28,2023-09-04,c:\contracts\cnt89,189,supplier,222
2023-08-29,2023-09-05,c:\contracts\cnt90,190,electrician,225
2023-08-30,2023-09-06,c:\contracts\cnt91,191,electrician,227
2023-08-31,2023-09-07,c:\contracts\cnt92,192,plumber,230
2023-09-01,2023-09-08,c:\contracts\cnt93,193,electrician,232
2023-09-02,2023-09-09,c:\contracts\cnt94,194,electrician,235
2023-09-03,2023-09-10,c:\contracts\cnt95,195,handyman,237
2023-09-04,2023-09-11,c:\contracts\cnt96,196,painter,240
2023-09-05,2023-09-12,c:\contracts\cnt97,197,plumber,242
2023-09-06,2023-09-13,c:\contracts\cnt98,198,electrician,245
2023-09-07,2023-09-14,c:\contracts\cnt99,199,supplier,247
2023-09-08,2023-09-15,c:\contracts\cnt100,200,plumber,250
2023-09-09,2023-09-16,c:\contracts\cnt101,201,handyman,252
2023-09-10,2023-09-17,c:\contracts\cnt102,202,plumber,255
2023-09-11,2023-09-18,c:\contracts\cnt103,203,plumber,257
2023-09-12,2023-09-19,c:\contracts\cnt104,204,supplier,260
2023-09-13,2023-09-20,c:\contracts\cnt105,205,electrician,262
2023-09-14,2023-09-21,c:\contracts\cnt106,206,electrician,265
2023-09-15,2023-09-22,c:\contracts\cnt107,207,electrician,267
2023-09-16,2023-09-23,c:\contracts\cnt108,208,supplier,270
2023-09-17,2023-09-24,c:\contracts\cnt109,209,plumber,272
2023-09-18,2023-09-25,c:\contracts\cnt110,210,supplier,275
2023-09-19,2023-09-26,c:\contracts\cnt111,211,painter,277
2023-09-20,2023-09-27,c:\contracts\cnt112,212,handyman,280
2023-09-21,2023-09-28,c:\contracts\cnt113,213,plumber,282
2023-09-22,2023-09-29,c:\contracts\cnt114,214,painter,285
2023-09-23,2023-09-30,c:\contracts\cnt115,215,plumber,287
2023-09-24,2023-10-01,c:\contracts\cnt116,216,plumber,290
2023-09-25,2023-10-02,c:\contracts\cnt117,217,handyman,292
2023-09-26,2023-10-03,c:\contracts\cnt118,218,painter,295
2023-09-27,2023-10-04,c:\contracts\cnt119,219,painter,297
2023-09-28,2023-10-05,c:\contracts\cnt120,220,handyman,300
2023-09-29,2023-10-06,c:\contracts\cnt121,221,plumber,302
2023-09-30,2023-10-07,c:\contracts\cnt122,222,handyman,305
2023-10-01,2023-10-08,c:\contracts\cnt123,223,plumber,307
2023-10-02,2023-10-09,c:\contracts\cnt124,224,electrician,310
2023-10-03,2023-10-10,c:\contracts\cnt125,225,handyman,312
2023-10-04,2023-10-11,c:\contracts\cnt126,226,painter,315
2023-10-05,2023-10-12,c:\contracts\cnt127,227,electrician,317
2023-10-06,2023-10-13,c:\contracts\cnt128,228,handyman,320
2023-10-07,2023-10-14,c:\contracts\cnt129,229,electrician,322
2023-10-08,2023-10-15,c:\contracts\cnt130,230,painter,325
2023-10-09,2023-10-16,c:\contracts\cnt131,231,plumber,327
2023-10-10,2023-10-17,c:\contracts\cnt132,232,plumber,330
2023-10-11,2023-10-18,c:\contracts\cnt133,233,plumber,332
2023-10-12,2023-10-19,c:\contracts\cnt134,234,handyman,335
2023-10-13,2023-10-20,c:\contracts\cnt135,235,painter,337
2023-10-14,2023-10-21,c:\contracts\cnt136,236,handyman,340
2023-10-15,2023-10-22,c:\contracts\cnt137,237,handyman,342
2023-10-16,2023-10-23,c:\contracts\cnt138,238,painter,345
2023-10-17,2023-10-24,c:\contracts\cnt139,239,handyman,347
2023-10-18,2023-10-25,c:\contracts\cnt140,240,painter,350
2023-10-19,2023-10-26,c:\contracts\cnt141,241,plumber,352
2023-10-20,2023-10-27,c:\contracts\cnt142,242,plumber,355
2023-10-21,2023-10-28,c:\contracts\cnt143,243,painter,357
2023-10-22,2023-10-29,c:\contracts\cnt144,244,electrician,360
2023-10-23,2023-10-30,c:\contracts\cnt145,245,plumber,362
2023-10-24,2023-10-31,c:\contracts\cnt146,246,electrician,365
2023-10-25,2023-11-01,c:\contracts\cnt147,247,electrician,367
2023-10-26,2023-11-02,c:\contracts\cnt148,248,plumber,370
2023-10-27,2023-11-03,c:\contracts\cnt149,249,supplier,372
2023-10-28,2023-11-04,c:\contracts\cnt150,250,supplier,375
2023-10-29,2023-11-05,c:\contracts\cnt151,251,handyman,377
2023-10-30,2023-11-06,c:\contracts\cnt152,252,supplier,380
2023-10-31,2023-11-07,c:\contracts\cnt153,253,supplier,382
2023-11-01,2023-11-08,c:\contracts\cnt154,254,handyman,385
2023-11-02,2023-11-09,c:\contracts\cnt155,255,plumber,387
2023-11-03,2023-11-10,c:\contracts\cnt156,256,electrician,390
2023-11-04,2023-11-11,c:\contracts\cnt157,257,painter,392
2023-11-05,2023-11-12,c:\contracts\cnt158,258,plumber,395
2023-11-06,2023-11-13,c:\contracts\cnt159,259,supplier,397
2023-11-07,2023-11-14,c:\contracts\cnt160,260,plumber,400
2023-11-08,2023-11-15,c:\contracts\cnt161,261,painter,402
2023-11-09,2023-11-16,c:\contracts\cnt162,262,supplier,405
2023-11-10,2023-11-17,c:\contracts\cnt163,263,painter,407
2023-11-11,2023-11-18,c:\contracts\cnt164,264,electrician,410
2023-11-12,2023-11-19,c:\contracts\cnt165,265,handyman,412
2023-11-13,2023-11-20,c:\contracts\cnt166,266,supplier,415
2023-11-14,2023-11-21,c:\contracts\cnt167,267,handyman,417
2023-11-15,2023-11-22,c:\contracts\cnt168,268,painter,420
2023-11-16,2023-11-23,c:\contracts\cnt169,269,painter,422
2023-11-17,2023-11-24,c:\contracts\cnt170,270,handyman,425
2023-11-18,2023-11-25,c:\contracts\cnt171,271,supplier,427
2023-11-19,2023-11-26,c:\contracts\cnt172,272,painter,430
2023-11-20,2023-11-27,c:\contracts\cnt173,273,handyman,432
2023-11-21,2023-11-28,c:\contracts\cnt174,274,handyman,435
2023-11-22,2023-11-29,c:\contracts\cnt175,275,electrician,437
2023-11-23,2023-11-30,c:\contracts\cnt176,276,supplier,440
2023-11-24,2023-12-01,c:\contracts\cnt177,277,electrician,442
2023-11-25,2023-12-02,c:\contracts\cnt178,278,plumber,445
2023-11-26,2023-12-03,c:\contracts\cnt179,279,plumber,447
2023-11-27,2023-12-04,c:\contracts\cnt180,280,electrician,450
2023-11-28,2023-12-05,c:\contracts\cnt181,281,handyman,452
2023-11-29,2023-12-06,c:\contracts\cnt182,282,plumber,455
2023-11-30,2023-12-07,c:\contracts\cnt183,283,supplier,457
2023-12-01,2023-12-08,c:\contracts\cnt184,284,supplier,460
2023-12-02,2023-12-09,c:\contracts\cnt185,285,plumber,462
2023-12-03,2023-12-10,c:\contracts\cnt186,286,handyman,465
2023-12-04,2023-12-11,c:\contracts\cnt187,287,painter,467
2023-12-05,2023-12-12,c:\contracts\cnt188,288,handyman,470
2023-12-06,2023-12-13,c:\contracts\cnt189,289,supplier,472
2023-12-07,2023-12-14,c:\contracts\cnt190,290,painter,475
2023-12-08,2023-12-15,c:\contracts\cnt191,291,electrician,477
2023-12-09,2023-12-16,c:\contracts\cnt192,292,painter,480
2023-12-10,2023-12-17,c:\contracts\cnt193,293,handyman,482
2023-12-11,2023-12-18,c:\contracts\cnt194,294,electrician,485
2023-12-12,2023-12-19,c:\contracts\cnt195,295,electrician,487
2023-12-13,2023-12-20,c:\contracts\cnt196,296,supplier,490
2023-12-14,2023-12-21,c:\contracts\cnt197,297,electrician,492
2023-12-15,2023-12-22,c:\contracts\cnt198,298,supplier,495
2023-12-16,2023-12-23,c:\contracts\cnt199,299,electrician,497
2023-12-17,2023-12-24,c:\contracts\cnt200,300,supplier,500
2023-12-18,2023-12-25,c:\contracts\cnt201,301,supplier,502
2023-12-19,2023-12-26,c:\contracts\cnt202,302,plumber,505
2023-12-20,2023-12-27,c:\contracts\cnt203,303,supplier,507
2023-12-21,2023-12-28,c:\contracts\cnt204,304,supplier,510
2023-12-22,2023-12-29,c:\contracts\cnt205,305,supplier,512
2023-12-23,2023-12-30,c:\contracts\cnt206,306,handyman,515
2023-12-24,2023-12-31,c:\contracts\cnt207,307,plumber,517
2023-12-25,2024-01-01,c:\contracts\cnt208,308,handyman,520
2023-12-26,2024-01-02,c:\contracts\cnt209,309,plumber,522
2023-12-27,2024-01-03,c:\contracts\cnt210,310,plumber,525
2023-12-28,2024-01-04,c:\contracts\cnt211,311,plumber,527
2023-12-29,2024-01-05,c:\contracts\cnt212,312,handyman,530
2023-12-30,2024-01-06,c:\contracts\cnt213,313,painter,532
2023-12-31,2024-01-07,c:\contracts\cnt214,314,supplier,535
2024-01-01,2024-01-08,c:\contracts\cnt215,315,handyman,537
2024-01-02,2024-01-09,c:\contracts\cnt216,316,supplier,540
2024-01-03,2024-01-10,c:\contracts\cnt217,317,electrician,542
2024-01-04,2024-01-11,c:\contracts\cnt218,318,supplier,545
2024-01-05,2024-01-12,c:\contracts\cnt219,319,plumber,547
2024-01-06,2024-01-13,c:\contracts\cnt220,320,handyman,550
2024-01-07,2024-01-14,c:\contracts\cnt221,321,supplier,552
2024-01-08,2024-01-15,c:\contracts\cnt222,322,painter,555
2024-01-09,2024-01-16,c:\contracts\cnt223,323,supplier,557
2024-01-10,2024-01-17,c:\contracts\cnt224,324,plumber,560
2024-01-11,2024-01-18,c:\contracts\cnt225,325,plumber,562
2024-01-12,2024-01-19,c:\contracts\cnt226,326,plumber,565
2024-01-13,2024-01-20,c:\contracts\cnt227,327,painter,567
2024-01-14,2024-01-21,c:\contracts\cnt228,328,supplier,570
2024-01-15,2024-01-22,c:\contracts\cnt229,329,plumber,572
2024-01-16,2024-01-23,c:\contracts\cnt230,330,painter,575
2024-01-17,2024-01-24,c:\contracts\cnt231,331,handyman,577
2024-01-18,2024-01-25,c:\contracts\cnt232,332,supplier,580
2024-01-19,2024-01-26,c:\contracts\cnt233,333,handyman,582
2024-01-20,2024-01-27,c:\contracts\cnt234,334,supplier,585
2024-01-21,2024-01-28,c:\contracts\cnt235,335,supplier,587
2024-01-22,2024-01-29,c:\contracts\cnt236,336,electrician,590
2024-01-23,2024-01-30,c:\contracts\cnt237,337,handyman,592
2024-01-24,2024-01-31,c:\contracts\cnt238,338,painter,595
2024-01-25,2024-02-01,c:\contracts\cnt239,339,plumber,597
2024-01-26,2024-02-02,c:\contracts\cnt240,340,painter,600
2024-01-27,2024-02-03,c:\contracts\cnt241,341,handyman,602
2024-01-28,2024-02-04,c:\contracts\cnt242,342,electrician,605
2024-01-29,2024-02-05,c:\contracts\cnt243,343,supplier,607
2024-01-30,2024-02-06,c:\contracts\cnt244,344,supplier,610
2024-01-31,2024-02-07,c:\contracts\cnt245,345,supplier,612
2024-02-01,2024-02-08,c:\contracts\cnt246,346,painter,615
2024-02-02,2024-02-09,c:\contracts\cnt247,347,supplier,617
2024-02-03,2024-02-10,c:\contracts\cnt248,348,plumber,620
2024-02-04,2024-02-11,c:\contracts\cnt249,349,supplier,622
2024-02-05,2024-02-12,c:\contracts\cnt250,350,electrician,625
2024-02-06,2024-02-13,c:\contracts\cnt251,351,handyman,627
2024-02-07,2024-02-14,c:\contracts\cnt252,352,electrician,630
2024-02-08,2024-02-15,c:\contracts\cnt253,353,supplier,632
2024-02-09,2024-02-16,c:\contracts\cnt254,354,electrician,635
2024-02-10,2024-02-17,c:\contracts\cnt255,355,handyman,637
2024-02-11,2024-02-18,c:\contracts\cnt256,356,plumber,640
2024-02-12,2024-02-19,c:\contracts\cnt257,357,handyman,642
2024-02-13,2024-02-20,c:\contracts\cnt258,358,painter,645
2024-02-14,2024-02-21,c:\contracts\cnt259,359,handyman,647
2024-02-15,2024-02-22,c:\contracts\cnt260,360,painter,650
2024-02-16,2024-02-23,c:\contracts\cnt261,361,supplier,652
2024-02-17,2024-02-24,c:\contracts\cnt262,362,handyman,655
2024-02-18,2024-02-25,c:\contracts\cnt263,363,handyman,657
2024-02-19,2024-02-26,c:\contracts\cnt264,364,handyman,660
2024-02-20,2024-02-27,c:\contracts\cnt265,365,supplier,662
2024-02-21,2024-02-28,c:\contracts\cnt266,366,electrician,665
2024-02-22,2024-02-29,c:\contracts\cnt267,367,plumber,667
2024-02-23,2024-03-01,c:\contracts\cnt268,368,plumber,670
2024-02-24,2024-03-02,c:\contracts\cnt269,369,handyman,672
2024-02-25,2024-03-03,c:\contracts\cnt270,370,handyman,675
2024-02-26,2024-03-04,c:\contracts\cnt271,371,electrician,677
2024-02-27,2024-03-05,c:\contracts\cnt272,372,supplier,680
2024-02-28,2024-03-06,c:\contracts\cnt273,373,handyman,682
2024-02-29,2024-03-07,c:\contracts\cnt274,374,plumber,685
2024-03-01,2024-03-08,c:\contracts\cnt275,375,handyman,687
2024-03-02,2024-03-09,c:\contracts\cnt276,376,handyman,690
2024-03-03,2024-03-10,c:\contracts\cnt277,377,supplier,692
2024-03-04,2024-03-11,c:\contracts\cnt278,378,painter,695
2024-03-05,2024-03-12,c:\contracts\cnt279,379,supplier,697
2024-03-06,2024-03-13,c:\contracts\cnt280,380,handyman,700
2024-03-07,2024-03-14,c:\contracts\cnt281,381,electrician,702
2024-03-08,2024-03-15,c:\contracts\cnt282,382,handyman,705
2024-03-09,2024-03-16,c:\contracts\cnt283,383,supplier,707
2024-03-10,2024-03-17,c:\contracts\cnt284,384,supplier,710
2024-03-11,2024-03-18,c:\contracts\cnt285,385,painter,712
2024-03-12,2024-03-19,c:\contracts\cnt286,386,supplier,715
2024-03-13,2024-03-20,c:\contracts\cnt287,387,painter,717
2024-03-14,2024-03-21,c:\contracts\cnt288,388,painter,720
2024-03-15,2024-03-22,c:\contracts\cnt289,389,electrician,722
2024-03-16,2024-03-23,c:\contracts\cnt290,390,handyman,725
2024-03-17,2024-03-24,c:\contracts\cnt291,391,plumber,727
2024-03-18,2024-03-25,c:\contracts\cnt292,392,electrician,730
2024-03-19,2024-03-26,c:\contracts\cnt293,393,handyman,732
2024-03-20,2024-03-27,c:\contracts\cnt294,394,electrician,735
2024-03-21,2024-03-28,c:\contracts\cnt295,395,painter,737
2024-03-22,2024-03-29,c:\contracts\cnt296,396,handyman,740
2024-03-23,2024-03-30,c:\contracts\cnt297,397,painter,742
2024-03-24,2024-03-31,c:\contracts\cnt298,398,handyman,745
2024-03-25,2024-04-01,c:\contracts\cnt299,399,painter,747
2024-03-26,2024-04-02,c:\contracts\cnt300,400,supplier,750
2024-03-27,2024-04-03,c:\contracts\cnt301,401,electrician,752
2024-03-28,2024-04-04,c:\contracts\cnt302,402,supplier,755
2024-03-29,2024-04-05,c:\contracts\cnt303,403,supplier,757
2024-03-30,2024-04-06,c:\contracts\cnt304,404,plumber,760
2024-03-31,2024-04-07,c:\contracts\cnt305,405,supplier,762
2024-04-01,2024-04-08,c:\contracts\cnt306,406,supplier,765
2024-04-02,2024-04-09,c:\contracts\cnt307,407,painter,767
2024-04-03,2024-04-10,c:\contracts\cnt308,408,painter,770
2024-04-04,2024-04-11,c:\contracts\cnt309,409,painter,772
2024-04-05,2024-04-12,c:\contracts\cnt310,410,electrician,775
2024-04-06,2024-04-13,c:\contracts\cnt311,411,painter,777
2024-04-07,2024-04-14,c:\contracts\cnt312,412,plumber,780
2024-04-08,2024-04-15,c:\contracts\cnt313,413,handyman,782
2024-04-09,2024-04-16,c:\contracts\cnt314,414,handyman,785
2024-04-10,2024-04-17,c:\contracts\cnt315,415,handyman,787
2024-04-11,2024-04-18,c:\contracts\cnt316,416,painter,790
2024-04-12,2024-04-19,c:\contracts\cnt317,417,handyman,792
2024-04-13,2024-04-20,c:\contracts\cnt318,418,supplier,795
2024-04-14,2024-04-21,c:\contracts\cnt319,419,electrician,797
2024-04-15,2024-04-22,c:\contracts\cnt320,420,painter,800
2024-04-16,2024-04-23,c:\contracts\cnt321,421,painter,802
2024-04-17,2024-04-24,c:\contracts\cnt322,422,electrician,805
2024-04-18,2024-04-25,c:\contracts\cnt323,423,painter,807
2024-04-19,2024-04-26,c:\contracts\cnt324,424,supplier,810
2024-04-20,2024-04-27,c:\contracts\cnt325,425,handyman,812
2024-04-21,2024-04-28,c:\contracts\cnt326,426,handyman,815
2024-04-22,2024-04-29,c:\contracts\cnt327,427,supplier,817
2024-04-23,2024-04-30,c:\contracts\cnt328,428,supplier,820
2024-04-24,2024-05-01,c:\contracts\cnt329,429,supplier,822
2024-04-25,2024-05-02,c:\contracts\cnt330,430,electrician,825
2024-04-26,2024-05-03,c:\contracts\cnt331,431,electrician,827
2024-04-27,2024-05-04,c:\contracts\cnt332,432,painter,830
2024-04-28,2024-05-05,c:\contracts\cnt333,433,supplier,832
2024-04-29,2024-05-06,c:\contracts\cnt334,434,electrician,835
2024-04-30,2024-05-07,c:\contracts\cnt335,435,electrician,837
2024-05-01,2024-05-08,c:\contracts\cnt336,436,handyman,840
2024-05-02,2024-05-09,c:\contracts\cnt337,437,handyman,842
2024-05-03,2024-05-10,c:\contracts\cnt338,438,handyman,845
2024-05-04,2024-05-11,c:\contracts\cnt339,439,plumber,847
2024-05-05,2024-05-12,c:\contracts\cnt340,440,electrician,850
2024-05-06,2024-05-13,c:\contracts\cnt341,441,supplier,852
2024-05-07,2024-05-14,c:\contracts\cnt342,442,handyman,855
2024-05-08,2024-05-15,c:\contracts\cnt343,443,supplier,857
2024-05-09,2024-05-16,c:\contracts\cnt344,444,electrician,860
2024-05-10,2024-05-17,c:\contracts\cnt345,445,plumber,862
2024-05-11,2024-05-18,c:\contracts\cnt346,446,supplier,865
2024-05-12,2024-05-19,c:\contracts\cnt347,447,plumber,867
2024-05-13,2024-05-20,c:\contracts\cnt348,448,handyman,870
2024-05-14,2024-05-21,c:\contracts\cnt349,449,electrician,872
2024-05-15,2024-05-22,c:\contracts\cnt350,450,supplier,875
2024-05-16,2024-05-23,c:\contracts\cnt351,451,painter,877
2024-05-17,2024-05-24,c:\contracts\cnt352,452,painter,880
2024-05-18,2024-05-25,c:\contracts\cnt353,453,supplier,882
2024-05-19,2024-05-26,c:\contracts\cnt354,454,handyman,885
2024-05-20,2024-05-27,c:\contracts\cnt355,455,electrician,887
2024-05-21,2024-05-28,c:\contracts\cnt356,456,plumber,890
2024-05-22,2024-05-29,c:\contracts\cnt357,457,handyman,892
2024-05-23,2024-05-30,c:\contracts\cnt358,458,handyman,895
2024-05-24,2024-05-31,c:\contracts\cnt359,459,handyman,897
2024-05-25,2024-06-01,c:\contracts\cnt360,460,supplier,900
2024-05-26,2024-06-02,c:\contracts\cnt361,461,electrician,902
2024-05-27,2024-06-03,c:\contracts\cnt362,462,painter,905
2024-05-28,2024-06-04,c:\contracts\cnt363,463,painter,907
2024-05-29,2024-06-05,c:\contracts\cnt364,464,plumber,910
2024-05-30,2024-06-06,c:\contracts\cnt365,465,handyman,912
2024-05-31,2024-06-07,c:\contracts\cnt366,466,plumber,915
2024-06-01,2024-06-08,c:\contracts\cnt367,467,electrician,917
2024-06-02,2024-06-09,c:\contracts\cnt368,468,handyman,920
2024-06-03,2024-06-10,c:\contracts\cnt369,469,supplier,922
2024-06-04,2024-06-11,c:\contracts\cnt370,470,plumber,925
2024-06-05,2024-06-12,c:\contracts\cnt371,471,supplier,927
2024-06-06,2024-06-13,c:\contracts\cnt372,472,electrician,930
2024-06-07,2024-06-14,c:\contracts\cnt373,473,painter,932
2024-06-08,2024-06-15,c:\contracts\cnt374,474,painter,935
2024-06-09,2024-06-16,c:\contracts\cnt375,475,electrician,937
2024-06-10,2024-06-17,c:\contracts\cnt376,476,handyman,940
2024-06-11,2024-06-18,c:\contracts\cnt377,477,handyman,942
2024-06-12,2024-06-19,c:\contracts\cnt378,478,supplier,945
2024-06-13,2024-06-20,c:\contracts\cnt379,479,supplier,947
2024-06-14,2024-06-21,c:\contracts\cnt380,480,plumber,950
2024-06-15,2024-06-22,c:\contracts\cnt381,481,handyman,952
2024-06-16,2024-06-23,c:\contracts\cnt382,482,painter,955
2024-06-17,2024-06-24,c:\contracts\cnt383,483,handyman,957
2024-06-18,2024-06-25,c:\contracts\cnt384,484,painter,960
2024-06-19,2024-06-26,c:\contracts\cnt385,485,handyman,962
2024-06-20,2024-06-27,c:\contracts\cnt386,486,supplier,965
2024-06-21,2024-06-28,c:\contracts\cnt387,487,supplier,967
2024-06-22,2024-06-29,c:\contracts\cnt388,488,plumber,970
2024-06-23,2024-06-30,c:\contracts\cnt389,489,handyman,972
2024-06-24,2024-07-01,c:\contracts\cnt390,490,electrician,975
2024-06-25,2024-07-02,c:\contracts\cnt391,491,plumber,977
2024-06-26,2024-07-03,c:\contracts\cnt392,492,painter,980
2024-06-27,2024-07-04,c:\contracts\cnt393,493,electrician,982
2024-06-28,2024-07-05,c:\contracts\cnt394,494,electrician,985
2024-06-29,2024-07-06,c:\contracts\cnt395,495,supplier,987
2024-06-30,2024-07-07,c:\contracts\cnt396,496,handyman,990
2024-07-01,2024-07-08,c:\contracts\cnt397,497,electrician,992
2024-07-02,2024-07-09,c:\contracts\cnt398,498,handyman,995
2024-07-03,2024-07-10,c:\contracts\cnt399,499,supplier,997
2024-07-04,2024-07-11,c:\contracts\cnt400,500,handyman,1000
